{"homeCamera":{"position":{"x":-328.22412478227443,"y":1106.9210457656432,"z":1048.6169425317057},"target":{"x":473.1910420937485,"y":493.7779561910562,"z":133.71536310945513},"up":{"x":0.28400426848752197,"y":0.8928269418528667,"z":-0.3495734935353728},"width":1318.1000448563902,"height":1318.1000448563902,"projection":0,"nearLimit":0.01,"className":"Communicator.Camera"},"steps":[{"type":"translation","nodes":[23],"vector":{"x":0,"y":0,"z":1},"distance":500,"startTime":0,"duration":1000},{"type":"hideNodes","nodes":[23],"startTime":1000,"duration":500}]}